SAP ID,Student Name,School,Program,Branch,Year,Semester,Section,sapid,name,dept,program,year,semester,student_id,course_id,email,password_hash
S9000000,Vivaan Malhotra,Engineering,B.Tech,CSE,3,4,A,S9000000,Vivaan Malhotra,CSE,B.Tech,3,4,ST_S9000000,C_CSE_SEM4,S9000000@nmims.edu,$2b$10$RRs8v31VbWRe3svpNmrCU.7MfuriO9vDOlyzpTKaeVIIkLcPLSbda
S9000001,Rohan Khan,Engineering,B.Tech,CSE,3,4,A,S9000001,Rohan Khan,CSE,B.Tech,3,4,ST_S9000001,C_CSE_SEM4,S9000001@nmims.edu,$2b$10$Aw5CFFxVl4jerOaPrXpy0eC.eWDD1NujKQd4VzsNILUN9VLlc56Xe
S9000002,Aryan Das,Engineering,B.Tech,CSE,4,7,A,S9000002,Aryan Das,CSE,B.Tech,4,7,ST_S9000002,C_CSE_SEM7,S9000002@nmims.edu,$2b$10$omuES6OJWLoLQu4DUDbR1O1mCW8His44xL9/fcgDlMaadI18TmXz6
S9000003,Kunal Iyer,Engineering,B.Tech,CSE,4,8,A,S9000003,Kunal Iyer,CSE,B.Tech,4,8,ST_S9000003,C_CSE_SEM8,S9000003@nmims.edu,$2b$10$X5GI6lrgO8EWFeNBxLhlxu59.fz7IsXRfZcaC2V0y3sPRNxIrwuAW
S9000004,Aarav Gupta,Engineering,B.Tech,CSE,2,3,A,S9000004,Aarav Gupta,CSE,B.Tech,2,3,ST_S9000004,C_CSE_SEM3,S9000004@nmims.edu,$2b$10$ZYutBsLb.eRAd93rniAFhOBtVMJZveaqxUD3Y3sQq7WpaJa1jTjt.
S9000005,Aditya Mehta,Engineering,B.Tech,CSE,3,4,A,S9000005,Aditya Mehta,CSE,B.Tech,3,4,ST_S9000005,C_CSE_SEM4,S9000005@nmims.edu,$2b$10$4U81ZF2dSx/o8MXjVZVaKOB6fN5.kJBPTQjqSQ6VepsOVMyQJIsHy
S9000006,Siddharth Reddy,Engineering,B.Tech,CSE,2,4,A,S9000006,Siddharth Reddy,CSE,B.Tech,2,4,ST_S9000006,C_CSE_SEM4,S9000006@nmims.edu,$2b$10$3As.KiogEJvEWd4nYpdaGO4.No5/rDx5YnHXBdWWdqBK118yb1FQi
S9000007,Rohan Iyer,Engineering,B.Tech,CSE,3,4,A,S9000007,Rohan Iyer,CSE,B.Tech,3,4,ST_S9000007,C_CSE_SEM4,S9000007@nmims.edu,$2b$10$yu.lYYQjxASeZA68/.ROVONCu8BPyxkwRj8KfY.r80wwnVijC/eI6
S9000008,Kabir Patel,Engineering,B.Tech,CSE,2,4,A,S9000008,Kabir Patel,CSE,B.Tech,2,4,ST_S9000008,C_CSE_SEM4,S9000008@nmims.edu,$2b$10$lr2vgjowQM1yWJzgrv9d8.VOgw0adfG3LFPosRs/7hOr7AdKOAQBK
S9000009,Aryan Mehta,Engineering,B.Tech,CSE,2,3,A,S9000009,Aryan Mehta,CSE,B.Tech,2,3,ST_S9000009,C_CSE_SEM3,S9000009@nmims.edu,$2b$10$Yz/pwQdFCEn2XbH3j57oHOg2KYFcByHmjYy5FnRGa5Z6ZwJJDYwc2
S9000010,Aryan Iyer,Engineering,B.Tech,CSE,2,4,A,S9000010,Aryan Iyer,CSE,B.Tech,2,4,ST_S9000010,C_CSE_SEM4,S9000010@nmims.edu,$2b$10$2hv1zOC94yj/CNt1JqbeUeYKZOgDNiaoAQl.Da0TqkCkGXQXqM0iq
S9000011,Rohan Singh,Engineering,B.Tech,CSE,4,7,A,S9000011,Rohan Singh,CSE,B.Tech,4,7,ST_S9000011,C_CSE_SEM7,S9000011@nmims.edu,$2b$10$BGEQxGh5zAXFbMIseoOztujeRrz8kvC0/fzhAI3eVh3jht3pobLPq
S9000012,Arjun Iyer,Engineering,B.Tech,CSE,2,4,A,S9000012,Arjun Iyer,CSE,B.Tech,2,4,ST_S9000012,C_CSE_SEM4,S9000012@nmims.edu,$2b$10$OnF28w81.CElq2C2WGC/qeH5vdtrxyRCt6WcOia9kgbQFjb0a3NMG
S9000013,Rohan Reddy,Engineering,B.Tech,CSE,4,7,A,S9000013,Rohan Reddy,CSE,B.Tech,4,7,ST_S9000013,C_CSE_SEM7,S9000013@nmims.edu,$2b$10$U19KdfDMuXrx0LaWuMsXDuDCeuHh.7ssV67Z6iyscvIHK0Y3Nkm0W
S9000014,Vivaan Malhotra,Engineering,B.Tech,CSE,3,4,A,S9000014,Vivaan Malhotra,CSE,B.Tech,3,4,ST_S9000014,C_CSE_SEM4,S9000014@nmims.edu,$2b$10$bRM1XCvrFANKhTu5QQQ/Duq9DlbNxgV5yxgKJtq0MPzVS6/L0ZsNO
S9000015,Kunal Sharma,Engineering,B.Tech,CSE,4,7,A,S9000015,Kunal Sharma,CSE,B.Tech,4,7,ST_S9000015,C_CSE_SEM7,S9000015@nmims.edu,$2b$10$5bjhnShGOrKYEZiXmjXVT.K/tTAJjc75nsBz1SF05y4c9WtMlU5Ve
S9000016,Arjun Gupta,Engineering,B.Tech,CSE,4,8,A,S9000016,Arjun Gupta,CSE,B.Tech,4,8,ST_S9000016,C_CSE_SEM8,S9000016@nmims.edu,$2b$10$H6RWymhCVe8Ox3ZUqNRdDuZkHJP.VlqL.k02UfXbIsfMeycezWpde
S9000017,Aryan Singh,Engineering,B.Tech,CSE,4,8,A,S9000017,Aryan Singh,CSE,B.Tech,4,8,ST_S9000017,C_CSE_SEM8,S9000017@nmims.edu,$2b$10$zOmvPZxX/xdu0FPji.am1eUNQBl5cz1qAAZKpLCxUZf0h2biuGGi.
S9000018,Kunal Reddy,Engineering,B.Tech,CSE,4,7,A,S9000018,Kunal Reddy,CSE,B.Tech,4,7,ST_S9000018,C_CSE_SEM7,S9000018@nmims.edu,$2b$10$kNzRV/3TdXD/7.u8mL//6uQAKpNnxQkNlv/lCQqxEM1lsDSv0AqS2
S9000019,Kabir Singh,Engineering,B.Tech,CSE,3,4,A,S9000019,Kabir Singh,CSE,B.Tech,3,4,ST_S9000019,C_CSE_SEM4,S9000019@nmims.edu,$2b$10$4I3IFBqA95KYB6cWBii4Cu5u7iDPjkf7vpcdXe8La6h6.Aj.vRLZ6
S9000020,Rohan Reddy,Engineering,B.Tech,CSE,3,4,A,S9000020,Rohan Reddy,CSE,B.Tech,3,4,ST_S9000020,C_CSE_SEM4,S9000020@nmims.edu,$2b$10$tiEhj1gCIKoClL9pd0zMKODQYFSLrwQZdJaQ0W5VCL4WusFv/mVsy
S9000021,Kunal Gupta,Engineering,B.Tech,CSE,3,4,A,S9000021,Kunal Gupta,CSE,B.Tech,3,4,ST_S9000021,C_CSE_SEM4,S9000021@nmims.edu,$2b$10$tCwTQPXQpBon19ASBPb84..1/yWVIKgYQq4WIZHvy7BmN5oDbW/L2
S9000022,Siddharth Sharma,Engineering,B.Tech,CSE,2,4,A,S9000022,Siddharth Sharma,CSE,B.Tech,2,4,ST_S9000022,C_CSE_SEM4,S9000022@nmims.edu,$2b$10$our4GlXIZ7LAQImH0uD9keU/64K0Ge09jQzHHxFX2pQe7W2OPuj.2
S9000023,Arjun Gupta,Engineering,B.Tech,CSE,4,8,A,S9000023,Arjun Gupta,CSE,B.Tech,4,8,ST_S9000023,C_CSE_SEM8,S9000023@nmims.edu,$2b$10$QbRyQ8YCP/lJQzK68bzxT.SyjW./GwCCDoSkB4Oid7E0e5rWYe35u
S9000024,Aryan Malhotra,Engineering,B.Tech,CSE,3,4,A,S9000024,Aryan Malhotra,CSE,B.Tech,3,4,ST_S9000024,C_CSE_SEM4,S9000024@nmims.edu,$2b$10$mZKyfDzLoN1WQDwbyTngmua4wzwQW0Kaf7amzV5P4Q6rlAMCfsGQO
S9000025,Aarav Khan,Engineering,B.Tech,CSE,3,4,A,S9000025,Aarav Khan,CSE,B.Tech,3,4,ST_S9000025,C_CSE_SEM4,S9000025@nmims.edu,$2b$10$U4KsotpDjVCKjoBsz30e4u1xnqmhIUBmM7sPzlylJe3fkw4ICS0Bu
S9000026,Aditya Sharma,Engineering,B.Tech,CSE,2,3,A,S9000026,Aditya Sharma,CSE,B.Tech,2,3,ST_S9000026,C_CSE_SEM3,S9000026@nmims.edu,$2b$10$LOEZC.ulvG2y9yH3M9x6..vmbShyaRx3X8ixT45qmdsFyP/XHZomi
S9000027,Arjun Patel,Engineering,B.Tech,CSE,4,8,A,S9000027,Arjun Patel,CSE,B.Tech,4,8,ST_S9000027,C_CSE_SEM8,S9000027@nmims.edu,$2b$10$HqvuxeVuLQHllQ6.jQsp6e3PVz8BJcjS4MjuDG0zBGJd6cW6J3PU.
S9000028,Aarav Iyer,Engineering,B.Tech,CSE,4,7,A,S9000028,Aarav Iyer,CSE,B.Tech,4,7,ST_S9000028,C_CSE_SEM7,S9000028@nmims.edu,$2b$10$5d9Z13L2HOF9MlYNiKUyXOuoKzcpyjduPvxDooL4eu1XRMc2Cn6Ii
S9000029,Vivaan Reddy,Engineering,B.Tech,CSE,4,8,A,S9000029,Vivaan Reddy,CSE,B.Tech,4,8,ST_S9000029,C_CSE_SEM8,S9000029@nmims.edu,$2b$10$ry73glrXYgzNSkNXm.nZT.aDTzpBEQ9VEELyySTWg9VBQZsVBrwR2
S9000030,Ishaan Reddy,Engineering,B.Tech,CSE,4,8,A,S9000030,Ishaan Reddy,CSE,B.Tech,4,8,ST_S9000030,C_CSE_SEM8,S9000030@nmims.edu,$2b$10$YA8svX0rM2Bhj7kufXR..uyLQnq1a/WSZRTHOJSzvZXzK8Cc46yGe
S9000031,Siddharth Iyer,Engineering,B.Tech,CSE,2,3,A,S9000031,Siddharth Iyer,CSE,B.Tech,2,3,ST_S9000031,C_CSE_SEM3,S9000031@nmims.edu,$2b$10$05Ey/ML5TBwgLRl3PZnAr.p6ecEKGkv.RecCBeasOylS4vx9.wogy
S9000032,Aditya Khan,Engineering,B.Tech,CSE,2,3,A,S9000032,Aditya Khan,CSE,B.Tech,2,3,ST_S9000032,C_CSE_SEM3,S9000032@nmims.edu,$2b$10$ApSGQnTgtuQQdQW.yWks2e9iG45682Sf/hvaUA9oeXoofpy7zk2uC
S9000033,Vivaan Gupta,Engineering,B.Tech,CSE,2,3,A,S9000033,Vivaan Gupta,CSE,B.Tech,2,3,ST_S9000033,C_CSE_SEM3,S9000033@nmims.edu,$2b$10$hHb/vCnqBRDFnel0c0rbUeQ5o/EBxdDeUzzeelteBVhk4Bby.0Bai
S9000034,Rohan Singh,Engineering,B.Tech,CSE,2,4,A,S9000034,Rohan Singh,CSE,B.Tech,2,4,ST_S9000034,C_CSE_SEM4,S9000034@nmims.edu,$2b$10$OTgT/jqTA5li3nAseKlkA.9c6/g67km4St0fkLi1SMx3HjnJRKoRO
S9000035,Kabir Iyer,Engineering,B.Tech,CSE,3,4,A,S9000035,Kabir Iyer,CSE,B.Tech,3,4,ST_S9000035,C_CSE_SEM4,S9000035@nmims.edu,$2b$10$BX54/LtKCImgoe2SGut/iu6n7fR4YJJc7b3SFh8WpQ3pXZNxMXKCe
S9000036,Arjun Khan,Engineering,B.Tech,CSE,3,4,A,S9000036,Arjun Khan,CSE,B.Tech,3,4,ST_S9000036,C_CSE_SEM4,S9000036@nmims.edu,$2b$10$GCgby40LV7Mvbx.dIjnlC.KnH2wMfP5kA0vKFx49xdC0/H5NeL3yq
S9000037,Aryan Gupta,Engineering,B.Tech,CSE,4,7,A,S9000037,Aryan Gupta,CSE,B.Tech,4,7,ST_S9000037,C_CSE_SEM7,S9000037@nmims.edu,$2b$10$/wZDpLVewokhObYzkWxOdevunQKX.jJxtuPerrTdQq4KfehPj0e5S
S9000038,Aryan Khan,Engineering,B.Tech,CSE,4,8,A,S9000038,Aryan Khan,CSE,B.Tech,4,8,ST_S9000038,C_CSE_SEM8,S9000038@nmims.edu,$2b$10$du90O/a4U.G4810UvkRzAeho6op5kvQbA0qpanIxSG1/dVdUzeY2a
S9000039,Ishaan Sharma,Engineering,B.Tech,CSE,2,4,A,S9000039,Ishaan Sharma,CSE,B.Tech,2,4,ST_S9000039,C_CSE_SEM4,S9000039@nmims.edu,$2b$10$Gaj1/qKllGH4KyMZwjczZOUh/o64xtv2DP.DtIq68Bz0LNN6orHHO
S9000040,Aryan Mehta,Engineering,B.Tech,CSE,2,3,A,S9000040,Aryan Mehta,CSE,B.Tech,2,3,ST_S9000040,C_CSE_SEM3,S9000040@nmims.edu,$2b$10$ivui3McTKR2BmU7i6vCnzO.83Kd2wnbOw3xPWKH2rKm3FbFvcIDtW
S9000041,Ishaan Patel,Engineering,B.Tech,CSE,2,3,A,S9000041,Ishaan Patel,CSE,B.Tech,2,3,ST_S9000041,C_CSE_SEM3,S9000041@nmims.edu,$2b$10$7RGzPr3oe3GOTeXtOKQpy.hS8okMkk1NxZYS.VnRTp8AljxFuIF5K
S9000042,Ishaan Patel,Engineering,B.Tech,CSE,3,4,A,S9000042,Ishaan Patel,CSE,B.Tech,3,4,ST_S9000042,C_CSE_SEM4,S9000042@nmims.edu,$2b$10$LdK2Kv9sH/kSmB7Q3pZI4OGCSGVhmjwA0TnCUkvDgtRv4vzng2r9C
S9000043,Aarav Das,Engineering,B.Tech,CSE,4,8,A,S9000043,Aarav Das,CSE,B.Tech,4,8,ST_S9000043,C_CSE_SEM8,S9000043@nmims.edu,$2b$10$K8iu1aOEBy6.LTq2pQfIiOSVadkb1y.EWnxEW2nnsUNN5zZXxQmZa
S9000044,Aryan Gupta,Engineering,B.Tech,CSE,4,7,A,S9000044,Aryan Gupta,CSE,B.Tech,4,7,ST_S9000044,C_CSE_SEM7,S9000044@nmims.edu,$2b$10$Zi9RhQAH3oYIXSuxxVMOoefoYTgcfjgYAn3osGuZk8AgUsV4Gsyja
S9000045,Aditya Gupta,Engineering,B.Tech,CSE,2,4,A,S9000045,Aditya Gupta,CSE,B.Tech,2,4,ST_S9000045,C_CSE_SEM4,S9000045@nmims.edu,$2b$10$IEWP70ujQxa11BkWeB.UqevNsJL1XVIQ2nOowoJbYwO10tinn0aB2
S9000046,Ishaan Patel,Engineering,B.Tech,CSE,4,8,A,S9000046,Ishaan Patel,CSE,B.Tech,4,8,ST_S9000046,C_CSE_SEM8,S9000046@nmims.edu,$2b$10$g1Vcb4MNOj00/r16RGr5zeR5MJluyycpmRFwDWq3LoEVPUYg3F8PW
S9000047,Rohan Gupta,Engineering,B.Tech,CSE,3,4,A,S9000047,Rohan Gupta,CSE,B.Tech,3,4,ST_S9000047,C_CSE_SEM4,S9000047@nmims.edu,$2b$10$6Z4/ZEXlEeVWWxLwDXTsweuvzPryd4pWCVxAk2urXRrH.mwTdvrLG
S9000048,Vivaan Iyer,Engineering,B.Tech,CSE,4,7,A,S9000048,Vivaan Iyer,CSE,B.Tech,4,7,ST_S9000048,C_CSE_SEM7,S9000048@nmims.edu,$2b$10$AipA1cAUiVfGMSJvqFUUuu86aSl2yA8WJknRzlwZJyyyp51sqnw.6
S9000049,Aryan Gupta,Engineering,B.Tech,CSE,4,8,A,S9000049,Aryan Gupta,CSE,B.Tech,4,8,ST_S9000049,C_CSE_SEM8,S9000049@nmims.edu,$2b$10$MTzICL9mvux5t7TcAFfFqeoVztOddO72TYFxQ.AS3Fa59/yKPHNsK
S9000050,Rohan Das,Engineering,B.Tech,CSE,4,7,A,S9000050,Rohan Das,CSE,B.Tech,4,7,ST_S9000050,C_CSE_SEM7,S9000050@nmims.edu,$2b$10$IFcVrsUoUFrvYFhno5FezOPMkzSfrmqBaH9W6bcFbvo20rU6Mq.6W
S9000051,Kabir Singh,Engineering,B.Tech,CSE,4,7,A,S9000051,Kabir Singh,CSE,B.Tech,4,7,ST_S9000051,C_CSE_SEM7,S9000051@nmims.edu,$2b$10$yTZI.uRt/Z.F786OO9/6EON2ePrHY/WXgNcztDJ4DlbaIMIvmLh/a
S9000052,Aryan Das,Engineering,B.Tech,CSE,4,7,A,S9000052,Aryan Das,CSE,B.Tech,4,7,ST_S9000052,C_CSE_SEM7,S9000052@nmims.edu,$2b$10$rt.ia/fHRUJo.Gn3SmY8vOhiZwhfEuV1pzJBkF4DLvRWxdqV/9eoW
S9000053,Arjun Iyer,Engineering,B.Tech,CSE,4,7,A,S9000053,Arjun Iyer,CSE,B.Tech,4,7,ST_S9000053,C_CSE_SEM7,S9000053@nmims.edu,$2b$10$Vr4nuA6K1zx1xazTsIL4ue4DGQgFFD06ENWAbnqwaZ6qL2LLjZbkG
S9000054,Aditya Singh,Engineering,B.Tech,CSE,4,7,A,S9000054,Aditya Singh,CSE,B.Tech,4,7,ST_S9000054,C_CSE_SEM7,S9000054@nmims.edu,$2b$10$HwXCatMaoVGPDpQhr6Hr9uKggCXuy1mlAVRQt/RBs6SF7JTNtN.XW
S9000055,Aarav Khan,Engineering,B.Tech,CSE,4,7,A,S9000055,Aarav Khan,CSE,B.Tech,4,7,ST_S9000055,C_CSE_SEM7,S9000055@nmims.edu,$2b$10$lh0v5W2/KqD628E1kSUj0uOizdBsMSgT0UUzB52s8Tx3pEbkl0Ldu
S9000056,Vivaan Reddy,Engineering,B.Tech,CSE,3,4,A,S9000056,Vivaan Reddy,CSE,B.Tech,3,4,ST_S9000056,C_CSE_SEM4,S9000056@nmims.edu,$2b$10$0wvIen3TEJDAQhf8hCHrWeoKGFvcnvgR2EH/V8AlRNSkKQPc23jiC
S9000057,Ishaan Patel,Engineering,B.Tech,CSE,2,3,A,S9000057,Ishaan Patel,CSE,B.Tech,2,3,ST_S9000057,C_CSE_SEM3,S9000057@nmims.edu,$2b$10$BPATp71hexvdEwqJIfDZw.sxZ.Xeg5K.089vjIZVScLa4ZnTXd98q
S9000058,Vivaan Mehta,Engineering,B.Tech,CSE,3,4,A,S9000058,Vivaan Mehta,CSE,B.Tech,3,4,ST_S9000058,C_CSE_SEM4,S9000058@nmims.edu,$2b$10$E7laqAcjzA/eIo/IFZ4dBe9JEvpdoZhVEWvgBr1ULRuebXX9I230i
S9000059,Siddharth Iyer,Engineering,B.Tech,CSE,2,3,A,S9000059,Siddharth Iyer,CSE,B.Tech,2,3,ST_S9000059,C_CSE_SEM3,S9000059@nmims.edu,$2b$10$W2W3wPEtrbvOyLNt3Rm7aeBWxEkg1ZWhTY/CJBgApxpmplkWltUCS
S9000060,Vivaan Reddy,Engineering,B.Tech,CSE,4,7,A,S9000060,Vivaan Reddy,CSE,B.Tech,4,7,ST_S9000060,C_CSE_SEM7,S9000060@nmims.edu,$2b$10$PyQVRmzXgoJbjLC5naeAduJiTgL4JeW39pNmtetFp.GEAYkOcYj8.
S9000061,Kabir Iyer,Engineering,B.Tech,CSE,4,7,A,S9000061,Kabir Iyer,CSE,B.Tech,4,7,ST_S9000061,C_CSE_SEM7,S9000061@nmims.edu,$2b$10$Dny45MqWiL0aw0sjkAN.Vu01/dp/36MbIAv3BlUi5YVp6H8bPyfxS
S9000062,Siddharth Iyer,Engineering,B.Tech,CSE,3,4,A,S9000062,Siddharth Iyer,CSE,B.Tech,3,4,ST_S9000062,C_CSE_SEM4,S9000062@nmims.edu,$2b$10$.f4.PosqPCpqfz2Tq1E8m.SLTeIwD0NitbGPoqsT3VjX7W1Uz8GHW
S9000063,Kunal Reddy,Engineering,B.Tech,CSE,4,7,A,S9000063,Kunal Reddy,CSE,B.Tech,4,7,ST_S9000063,C_CSE_SEM7,S9000063@nmims.edu,$2b$10$KbzhyeyiqEU06Wuo1doq3uCOXIpQsSor8p1HCosxiQYjTfE4H3jZG
S9000064,Kabir Gupta,Engineering,B.Tech,CSE,2,4,A,S9000064,Kabir Gupta,CSE,B.Tech,2,4,ST_S9000064,C_CSE_SEM4,S9000064@nmims.edu,$2b$10$QZB5vYqoNqKI1iF3EeY6C.E54cfuIrDOjLfyMi/4uhDwqi5mWNmrm
S9000065,Kabir Sharma,Engineering,B.Tech,CSE,2,4,A,S9000065,Kabir Sharma,CSE,B.Tech,2,4,ST_S9000065,C_CSE_SEM4,S9000065@nmims.edu,$2b$10$XDg7eHb.17fFhFistM/7RORUjw39xogq9zR2F6MOURSQBLO0BCDGy
S9000066,Aditya Iyer,Engineering,B.Tech,CSE,4,7,A,S9000066,Aditya Iyer,CSE,B.Tech,4,7,ST_S9000066,C_CSE_SEM7,S9000066@nmims.edu,$2b$10$SDRdjT0FJSBuShxzq4RU/uRTEHNlML.Pg21EzjlIKKW2JsU4Y1Yhq
S9000067,Siddharth Iyer,Engineering,B.Tech,CSE,4,8,A,S9000067,Siddharth Iyer,CSE,B.Tech,4,8,ST_S9000067,C_CSE_SEM8,S9000067@nmims.edu,$2b$10$I0Q4DHjdMSxXkQMhknl.8uQvL0QxWU484p2B.OPwrMiBBFqB8kXdW
S9000068,Aditya Patel,Engineering,B.Tech,CSE,2,4,A,S9000068,Aditya Patel,CSE,B.Tech,2,4,ST_S9000068,C_CSE_SEM4,S9000068@nmims.edu,$2b$10$3yei5GbyL4xTSe9Pvmxpb.KltKkjiP6gJTuhbl8YntxW61BWxqBu.
S9000069,Ishaan Patel,Engineering,B.Tech,CSE,4,7,A,S9000069,Ishaan Patel,CSE,B.Tech,4,7,ST_S9000069,C_CSE_SEM7,S9000069@nmims.edu,$2b$10$3uruwP6LBNEZQBQqiGP/.eS/bg123P7xutPwBHkvzmtuLTIQGF/bu
S9000070,Arjun Mehta,Engineering,B.Tech,CSE,4,8,A,S9000070,Arjun Mehta,CSE,B.Tech,4,8,ST_S9000070,C_CSE_SEM8,S9000070@nmims.edu,$2b$10$nN.9OCFkhsXNhUxKAXeCJer7gTS3IrQiuaUebC3i.YcA/19L.ieFW
S9000071,Ishaan Das,Engineering,B.Tech,CSE,4,8,A,S9000071,Ishaan Das,CSE,B.Tech,4,8,ST_S9000071,C_CSE_SEM8,S9000071@nmims.edu,$2b$10$G82meeaF9KMUsvzA4mkU8e1mLjYXilyvy4WA0FmnM1xmAMQgqntAO
S9000072,Aryan Singh,Engineering,B.Tech,CSE,2,3,A,S9000072,Aryan Singh,CSE,B.Tech,2,3,ST_S9000072,C_CSE_SEM3,S9000072@nmims.edu,$2b$10$4zEOsDfYKCwRwOdP4TwQR.VonDBiURTiVTAjkQg63ARN.j0JE4mum
S9000073,Siddharth Iyer,Engineering,B.Tech,CSE,2,3,A,S9000073,Siddharth Iyer,CSE,B.Tech,2,3,ST_S9000073,C_CSE_SEM3,S9000073@nmims.edu,$2b$10$mS2Q9iy/CzNpVA7QZYWDie47j.28qpTW8LWHLSqDaZVjXSRTTrgZe
S9000074,Rohan Reddy,Engineering,B.Tech,CSE,3,4,A,S9000074,Rohan Reddy,CSE,B.Tech,3,4,ST_S9000074,C_CSE_SEM4,S9000074@nmims.edu,$2b$10$0FKwcXIsoVFrDvNZe5WqlOY8bU7vyxvh8SSgjzTAKNXYySYWh3T9q
S9000075,Kabir Mehta,Engineering,B.Tech,CSE,3,4,A,S9000075,Kabir Mehta,CSE,B.Tech,3,4,ST_S9000075,C_CSE_SEM4,S9000075@nmims.edu,$2b$10$.4ZuE4YMsmePn0AuuBZyQuuXzeP0baiQwkUXlvHC13BMiLASJFqui
S9000076,Kunal Reddy,Engineering,B.Tech,CSE,3,4,A,S9000076,Kunal Reddy,CSE,B.Tech,3,4,ST_S9000076,C_CSE_SEM4,S9000076@nmims.edu,$2b$10$Svbm8IaKEkTA0Nqj9PhAquv2hbHYl7I/6pBDlxDZ2YeXKAlc/dlK2
S9000077,Aarav Patel,Engineering,B.Tech,CSE,4,7,A,S9000077,Aarav Patel,CSE,B.Tech,4,7,ST_S9000077,C_CSE_SEM7,S9000077@nmims.edu,$2b$10$KwtZ7LBnysyjU7o4QvY87eMUWiAjCCGLbwpnnfMVUEyQbWxAUKTS.
S9000078,Vivaan Sharma,Engineering,B.Tech,CSE,3,4,A,S9000078,Vivaan Sharma,CSE,B.Tech,3,4,ST_S9000078,C_CSE_SEM4,S9000078@nmims.edu,$2b$10$1GHf1XrFlhltf/fHihBHI.TlLdT0X9AkNbkDkU5NSyw.Xlgq0zbnK
S9000079,Kabir Malhotra,Engineering,B.Tech,CSE,2,4,A,S9000079,Kabir Malhotra,CSE,B.Tech,2,4,ST_S9000079,C_CSE_SEM4,S9000079@nmims.edu,$2b$10$W6TXyAQETIhgJJBT.REMxunVfE323NGQICwRLObvYNz8uSvc2MZwi
S9000080,Rohan Das,Engineering,B.Tech,CSE,2,4,A,S9000080,Rohan Das,CSE,B.Tech,2,4,ST_S9000080,C_CSE_SEM4,S9000080@nmims.edu,$2b$10$MtKDODWG8Jduov.CXqCveuG3fGMX/bq2/.d9HRANdRabvxgvpBbHq
S9000081,Siddharth Patel,Engineering,B.Tech,CSE,4,8,A,S9000081,Siddharth Patel,CSE,B.Tech,4,8,ST_S9000081,C_CSE_SEM8,S9000081@nmims.edu,$2b$10$BOQ4LYZ7eitpNr3yFfzRnuibtvl0nz2SrH3xTFdMqpSOn/0p4kD2q
S9000082,Ishaan Reddy,Engineering,B.Tech,CSE,3,4,A,S9000082,Ishaan Reddy,CSE,B.Tech,3,4,ST_S9000082,C_CSE_SEM4,S9000082@nmims.edu,$2b$10$JVQSE/qMlQdJujJ0Ga9Zb.DPQaqGDE8ZyeFwaX2gc9hLtPHEQa/Yq
S9000083,Kunal Gupta,Engineering,B.Tech,CSE,3,4,A,S9000083,Kunal Gupta,CSE,B.Tech,3,4,ST_S9000083,C_CSE_SEM4,S9000083@nmims.edu,$2b$10$OjUR.QtQVo9chvJE.8dZLOrPe8aAfRBA0w94ibfQatJLFws9KB4IS
S9000084,Kabir Iyer,Engineering,B.Tech,CSE,2,3,A,S9000084,Kabir Iyer,CSE,B.Tech,2,3,ST_S9000084,C_CSE_SEM3,S9000084@nmims.edu,$2b$10$XzvhfAb.xRa3.Eqolr/9z.HZS/NYoO9AiWtU06b228alU2QBI1Qdy
S9000085,Kunal Gupta,Engineering,B.Tech,CSE,3,4,A,S9000085,Kunal Gupta,CSE,B.Tech,3,4,ST_S9000085,C_CSE_SEM4,S9000085@nmims.edu,$2b$10$YU.U7vxt5RxSuPOGx0n8pe22xyTiiPwVcxZLccu6VUECfY6HTonhe
S9000086,Vivaan Khan,Engineering,B.Tech,CSE,3,4,A,S9000086,Vivaan Khan,CSE,B.Tech,3,4,ST_S9000086,C_CSE_SEM4,S9000086@nmims.edu,$2b$10$unfY135OW76Om3/n.iOJve2t2tqWh8SWEl2O64p/wTFh6Lzt7bO4G
S9000087,Aryan Mehta,Engineering,B.Tech,CSE,2,3,A,S9000087,Aryan Mehta,CSE,B.Tech,2,3,ST_S9000087,C_CSE_SEM3,S9000087@nmims.edu,$2b$10$ujt8.T9rWjjE7PKMI7FaHuMGL42aSxiEqrj8osDvioQ4KEBHGn7P.
S9000088,Siddharth Mehta,Engineering,B.Tech,CSE,2,3,A,S9000088,Siddharth Mehta,CSE,B.Tech,2,3,ST_S9000088,C_CSE_SEM3,S9000088@nmims.edu,$2b$10$VWQo4gfOKHk7vdQ.4FYDuOu5E5PvZ2HHnamotIRFaJtNKeyiiChoO
S9000089,Aryan Sharma,Engineering,B.Tech,CSE,3,4,A,S9000089,Aryan Sharma,CSE,B.Tech,3,4,ST_S9000089,C_CSE_SEM4,S9000089@nmims.edu,$2b$10$esfm0239mVCjnLiGmGklMubLcbyfnZA8hPmPSYJJMX41jSuJkRofW
S9000090,Siddharth Mehta,Engineering,B.Tech,CSE,4,8,A,S9000090,Siddharth Mehta,CSE,B.Tech,4,8,ST_S9000090,C_CSE_SEM8,S9000090@nmims.edu,$2b$10$f8bSSkYkeCGfx2xYaHx7VeR5jIEzyW7p9p2GPVNPoxy1YCBRlI0sW
S9000091,Siddharth Malhotra,Engineering,B.Tech,CSE,2,4,A,S9000091,Siddharth Malhotra,CSE,B.Tech,2,4,ST_S9000091,C_CSE_SEM4,S9000091@nmims.edu,$2b$10$75aPIcHFRT23pvHkWCZO5uxylIVOf6NoJnQz/HJvXkBx0McQaN/YO
S9000092,Ishaan Sharma,Engineering,B.Tech,CSE,2,3,A,S9000092,Ishaan Sharma,CSE,B.Tech,2,3,ST_S9000092,C_CSE_SEM3,S9000092@nmims.edu,$2b$10$X2y/qcKgsbZq.RDfqS5huugU0qDAN4R3YrlXppPJhTlFz2DoW.8um
S9000093,Kunal Das,Engineering,B.Tech,CSE,2,3,A,S9000093,Kunal Das,CSE,B.Tech,2,3,ST_S9000093,C_CSE_SEM3,S9000093@nmims.edu,$2b$10$s0syHngEvYG7Qgx64viZK.vcpEc0MhEbfqBLWL6Qk96tgrIPw/Szm
S9000094,Aryan Sharma,Engineering,B.Tech,CSE,3,4,A,S9000094,Aryan Sharma,CSE,B.Tech,3,4,ST_S9000094,C_CSE_SEM4,S9000094@nmims.edu,$2b$10$oeLpyQhUUcjf9fI1WlZnCeWzdMLGDIDAGq3ANzk5Ed64h7uUdBo/q
S9000095,Rohan Gupta,Engineering,B.Tech,CSE,2,3,A,S9000095,Rohan Gupta,CSE,B.Tech,2,3,ST_S9000095,C_CSE_SEM3,S9000095@nmims.edu,$2b$10$e35JQWfF.KYVklHCVG/H6e8YGSyGy7q1UJJBFZ6aRoywrilRur6o.
S9000096,Aryan Sharma,Engineering,B.Tech,CSE,3,4,A,S9000096,Aryan Sharma,CSE,B.Tech,3,4,ST_S9000096,C_CSE_SEM4,S9000096@nmims.edu,$2b$10$LbkLYNfMem.rndVWNbKbEulKv8HZJkoZPcs.b.g0inljvL0JaCxQy
S9000097,Arjun Reddy,Engineering,B.Tech,CSE,4,7,A,S9000097,Arjun Reddy,CSE,B.Tech,4,7,ST_S9000097,C_CSE_SEM7,S9000097@nmims.edu,$2b$10$q9GdkHszweDtGoltJyt/leqCpgLHXyJ.GRXpG8dkotzo.SNQMzChW
S9000098,Kunal Reddy,Engineering,B.Tech,CSE,2,4,A,S9000098,Kunal Reddy,CSE,B.Tech,2,4,ST_S9000098,C_CSE_SEM4,S9000098@nmims.edu,$2b$10$v4HiZ0Vw6iXqML07XY6Op.N8FW.usXN4dRB6jIabwwYTXOtxsM/jO
S9000099,Aditya Iyer,Engineering,B.Tech,CSE,3,4,A,S9000099,Aditya Iyer,CSE,B.Tech,3,4,ST_S9000099,C_CSE_SEM4,S9000099@nmims.edu,$2b$10$.RZicc4P/W2rKn/jryvBBOUZpPryRhFPoDYdO14dOeaVIngI.pCmq
S9000100,Siddharth Gupta,Engineering,B.Tech,CSE,3,4,A,S9000100,Siddharth Gupta,CSE,B.Tech,3,4,ST_S9000100,C_CSE_SEM4,S9000100@nmims.edu,$2b$10$4CYBAd3VJjliXN0V.RWxUe5rZ.tfgVmctJKMe6r.r4mbhub8hrPk.
S9000101,Kunal Patel,Engineering,B.Tech,CSE,2,4,A,S9000101,Kunal Patel,CSE,B.Tech,2,4,ST_S9000101,C_CSE_SEM4,S9000101@nmims.edu,$2b$10$jwk8fVOxikirvSIemDNPYuarifbkurMW1Pos2/M0.LXTSV5b3Kg96
S9000102,Vivaan Das,Engineering,B.Tech,CSE,3,4,A,S9000102,Vivaan Das,CSE,B.Tech,3,4,ST_S9000102,C_CSE_SEM4,S9000102@nmims.edu,$2b$10$bO7A3n4k0oYqoPv2kqIJz.5gNizIqn4WykPnss2EgkodYdvc/oLvy
S9000103,Kunal Sharma,Engineering,B.Tech,CSE,3,4,A,S9000103,Kunal Sharma,CSE,B.Tech,3,4,ST_S9000103,C_CSE_SEM4,S9000103@nmims.edu,$2b$10$mi7I8gMkX926RJjRHcKl8ecy8e.Klshe.lO/QudsQvwEBTVkc9GxS
S9000104,Ishaan Iyer,Engineering,B.Tech,CSE,4,8,A,S9000104,Ishaan Iyer,CSE,B.Tech,4,8,ST_S9000104,C_CSE_SEM8,S9000104@nmims.edu,$2b$10$miWk8m/huMVlfDEvj1LhQu4DUmUtECbdK42v7bP96U/mBRLfSppfO
S9000105,Rohan Iyer,Engineering,B.Tech,CSE,4,8,A,S9000105,Rohan Iyer,CSE,B.Tech,4,8,ST_S9000105,C_CSE_SEM8,S9000105@nmims.edu,$2b$10$F0K5qGanEORUdU.DEZ8ujOBkuyNSC4qH68i3wsum1YdWXABjf9xju
S9000106,Ishaan Singh,Engineering,B.Tech,CSE,3,4,A,S9000106,Ishaan Singh,CSE,B.Tech,3,4,ST_S9000106,C_CSE_SEM4,S9000106@nmims.edu,$2b$10$dTVBbBG/p8MhIYbUMQh3YuLrcepvY7v6B6ub7afZeMW/tb6eUz4Xa
S9000107,Vivaan Malhotra,Engineering,B.Tech,CSE,4,7,A,S9000107,Vivaan Malhotra,CSE,B.Tech,4,7,ST_S9000107,C_CSE_SEM7,S9000107@nmims.edu,$2b$10$FzVrke8ils0mmJGUR7GBPOo/IbbXRoexj0ZQSO.purTiZ81lJUZRK
S9000108,Aditya Patel,Engineering,B.Tech,CSE,3,4,A,S9000108,Aditya Patel,CSE,B.Tech,3,4,ST_S9000108,C_CSE_SEM4,S9000108@nmims.edu,$2b$10$XX/ynU2j4rBpDZ2MB7tgIuAHS5HvaLnIIM0m88D17PKDg/EneFyPC
S9000109,Kabir Mehta,Engineering,B.Tech,CSE,4,7,A,S9000109,Kabir Mehta,CSE,B.Tech,4,7,ST_S9000109,C_CSE_SEM7,S9000109@nmims.edu,$2b$10$RzM9w16Pcjq7HCHDGYaCDu1BOZF1c4BE0lDUQxV7ffUVWZE/o2H6m
S9000110,Aarav Gupta,Engineering,B.Tech,CSE,2,3,A,S9000110,Aarav Gupta,CSE,B.Tech,2,3,ST_S9000110,C_CSE_SEM3,S9000110@nmims.edu,$2b$10$8rrxVd1aokbiZtlgS3Wo0u398Tsv5Ql49maRcaCI0DdG6.rP5hiYW
S9000111,Aryan Das,Engineering,B.Tech,CSE,3,4,A,S9000111,Aryan Das,CSE,B.Tech,3,4,ST_S9000111,C_CSE_SEM4,S9000111@nmims.edu,$2b$10$sOgPkC6a9iS1IOHSROUN3.PV6vFf7lXwH0NqqIxYoPJ42EJaczlKi
S9000112,Aryan Gupta,Engineering,B.Tech,CSE,3,4,A,S9000112,Aryan Gupta,CSE,B.Tech,3,4,ST_S9000112,C_CSE_SEM4,S9000112@nmims.edu,$2b$10$tY.CfV4hifh70EMo4cKZUuQD3dtWRrMNaW67miB6jB4Pb9giO/HPu
S9000113,Aditya Gupta,Engineering,B.Tech,CSE,2,3,A,S9000113,Aditya Gupta,CSE,B.Tech,2,3,ST_S9000113,C_CSE_SEM3,S9000113@nmims.edu,$2b$10$CS/.yrwDjjuBA2vqrC66hueOaa9I7/98w8.Alp0pNRk16Mt6eEgXu
S9000114,Aryan Malhotra,Engineering,B.Tech,CSE,2,3,A,S9000114,Aryan Malhotra,CSE,B.Tech,2,3,ST_S9000114,C_CSE_SEM3,S9000114@nmims.edu,$2b$10$oIUGaIsbXKPHlEfLcwolTuVXUwIZiu577Ekl/3Ri3lX2PK.uWJKlu
S9000115,Ishaan Khan,Engineering,B.Tech,CSE,3,4,A,S9000115,Ishaan Khan,CSE,B.Tech,3,4,ST_S9000115,C_CSE_SEM4,S9000115@nmims.edu,$2b$10$eAzMLlx9SHaDWcOUg13dieiNdm/ih1unRSNJCZWAQlyFod.ZNYcqi
S9000116,Ishaan Sharma,Engineering,B.Tech,CSE,2,4,A,S9000116,Ishaan Sharma,CSE,B.Tech,2,4,ST_S9000116,C_CSE_SEM4,S9000116@nmims.edu,$2b$10$RWa2.WHaHd7d/1SKXCHFWOPoEMkxKZ1xVWfVAgTLTGpPoAivFXh0i
S9000117,Vivaan Reddy,Engineering,B.Tech,CSE,2,4,A,S9000117,Vivaan Reddy,CSE,B.Tech,2,4,ST_S9000117,C_CSE_SEM4,S9000117@nmims.edu,$2b$10$/SYnJf8BUgkLyzAANeaUB.gPJCgfcLHh64dBtg/h0aphksdkgRO7.
S9000118,Vivaan Sharma,Engineering,B.Tech,CSE,3,4,A,S9000118,Vivaan Sharma,CSE,B.Tech,3,4,ST_S9000118,C_CSE_SEM4,S9000118@nmims.edu,$2b$10$NhoeJBVpwn.skg7DZ0gbxOeMEZueCkYGxef.CbP.65o2ifFm1bQqO
S9000119,Ishaan Singh,Engineering,B.Tech,CSE,4,7,A,S9000119,Ishaan Singh,CSE,B.Tech,4,7,ST_S9000119,C_CSE_SEM7,S9000119@nmims.edu,$2b$10$pcoXyRx2CXy5aCWiiW1He.vy5j5NFh4nvnAlE51YjrsevX.Y0rFa2
S9000120,Siddharth Reddy,Engineering,B.Tech,CSE,4,7,A,S9000120,Siddharth Reddy,CSE,B.Tech,4,7,ST_S9000120,C_CSE_SEM7,S9000120@nmims.edu,$2b$10$KO3yqrQ/z5qbHEqag/mJxe5RGhsk6h2jA.derO6NQay88aU2hriJW
S9000121,Aryan Mehta,Engineering,B.Tech,CSE,4,7,A,S9000121,Aryan Mehta,CSE,B.Tech,4,7,ST_S9000121,C_CSE_SEM7,S9000121@nmims.edu,$2b$10$xfdYRkjwcgkWNjbJCZHhs.S05IfFp1talW7sviJc6EYehAlJIw1YS
S9000122,Ishaan Mehta,Engineering,B.Tech,CSE,4,8,A,S9000122,Ishaan Mehta,CSE,B.Tech,4,8,ST_S9000122,C_CSE_SEM8,S9000122@nmims.edu,$2b$10$qVXHwbCDsJJEqzX8aqC/jug4yLFnd/dKLI2o012rzKY5f3wbnxf2u
S9000123,Vivaan Khan,Engineering,B.Tech,CSE,2,4,A,S9000123,Vivaan Khan,CSE,B.Tech,2,4,ST_S9000123,C_CSE_SEM4,S9000123@nmims.edu,$2b$10$fiR83gdyk0Bd9U5wh3OV3uUov218eCI4xMSbdgMDON3VfQEqvdnXu
S9000124,Aditya Malhotra,Engineering,B.Tech,CSE,3,4,A,S9000124,Aditya Malhotra,CSE,B.Tech,3,4,ST_S9000124,C_CSE_SEM4,S9000124@nmims.edu,$2b$10$PSfUcwlHdui0bHBCJNBdtug4tVr3vR2i7yKrPbmEM08l4CnhhxPXG
S9000125,Ishaan Sharma,Engineering,B.Tech,CSE,4,7,A,S9000125,Ishaan Sharma,CSE,B.Tech,4,7,ST_S9000125,C_CSE_SEM7,S9000125@nmims.edu,$2b$10$7m8PVoRUMCUITSROwwZe9e12PvZV5vklm0yrW7.yOIACY0HMc1guW
S9000126,Kabir Patel,Engineering,B.Tech,CSE,4,8,A,S9000126,Kabir Patel,CSE,B.Tech,4,8,ST_S9000126,C_CSE_SEM8,S9000126@nmims.edu,$2b$10$PUPySofXaeq5kkuKE.O9XuxKuTnmF0TTtZSkdcX2hmUTxuF4FW/jW
S9000127,Ishaan Khan,Engineering,B.Tech,CSE,4,8,A,S9000127,Ishaan Khan,CSE,B.Tech,4,8,ST_S9000127,C_CSE_SEM8,S9000127@nmims.edu,$2b$10$JdB6NVm4mt.J9yNWdvIgIuRHKDEfsC3/M4RX.CfhFgJKIeiWbFrpG
S9000128,Arjun Khan,Engineering,B.Tech,CSE,4,7,A,S9000128,Arjun Khan,CSE,B.Tech,4,7,ST_S9000128,C_CSE_SEM7,S9000128@nmims.edu,$2b$10$ycDe1DFTj1otRRz.z4ToGe7yy6c6u2EC8.CSsQKHFoe2/dR8NrTK2
S9000129,Siddharth Patel,Engineering,B.Tech,CSE,3,4,A,S9000129,Siddharth Patel,CSE,B.Tech,3,4,ST_S9000129,C_CSE_SEM4,S9000129@nmims.edu,$2b$10$y3XXHIwxyKwFESSijmqCoeL8AiVBizJq7KKvD441gVEVNE74LGfg6
S9000130,Aarav Patel,Engineering,B.Tech,CSE,4,8,A,S9000130,Aarav Patel,CSE,B.Tech,4,8,ST_S9000130,C_CSE_SEM8,S9000130@nmims.edu,$2b$10$thRqtLnuroBywDH34JjhyuQExgqmY9pbQ/HBBgRr9r8/NwgRF08pm
S9000131,Vivaan Gupta,Engineering,B.Tech,CSE,3,4,A,S9000131,Vivaan Gupta,CSE,B.Tech,3,4,ST_S9000131,C_CSE_SEM4,S9000131@nmims.edu,$2b$10$Gn7Oxbb1k8.HWZ2hBYcM3ePKrFVJ8ZUePdWJXpT.8pfTLY5VW8Q5W
S9000132,Kabir Malhotra,Engineering,B.Tech,CSE,4,7,A,S9000132,Kabir Malhotra,CSE,B.Tech,4,7,ST_S9000132,C_CSE_SEM7,S9000132@nmims.edu,$2b$10$PvEyT1d9Aj9Iew4dyWHKVO6SFcXAa1y/X6jmzsxU8RwEK6mlDQL7a
S9000133,Vivaan Singh,Engineering,B.Tech,CSE,2,3,A,S9000133,Vivaan Singh,CSE,B.Tech,2,3,ST_S9000133,C_CSE_SEM3,S9000133@nmims.edu,$2b$10$PWPH3WgNMVWTm76a553.runRvX1iyzE2YrSkWYmyAekTtJh3gzarq
S9000134,Kabir Khan,Engineering,B.Tech,CSE,4,7,A,S9000134,Kabir Khan,CSE,B.Tech,4,7,ST_S9000134,C_CSE_SEM7,S9000134@nmims.edu,$2b$10$kWEokOQbPigBd346JuDbyO736HRSHMNKi5VYSJIp4I4rrqnfLM9K.
S9000135,Ishaan Malhotra,Engineering,B.Tech,CSE,3,4,A,S9000135,Ishaan Malhotra,CSE,B.Tech,3,4,ST_S9000135,C_CSE_SEM4,S9000135@nmims.edu,$2b$10$i3STu0isYMD3fSjHJUUXhOOD.3nCxC7fFSV/UdJ6eJHfJ7QVpV3fm
S9000136,Aditya Patel,Engineering,B.Tech,CSE,3,4,A,S9000136,Aditya Patel,CSE,B.Tech,3,4,ST_S9000136,C_CSE_SEM4,S9000136@nmims.edu,$2b$10$F8UBr69jCimPtivrZNrux./Fx8rsKBoqBZLbOtsYwsLDfjoVR7Ygi
S9000137,Aryan Das,Engineering,B.Tech,CSE,2,3,A,S9000137,Aryan Das,CSE,B.Tech,2,3,ST_S9000137,C_CSE_SEM3,S9000137@nmims.edu,$2b$10$iRhQfDgSQTI.z4hlNJsr8e5OtZxkfeYNIzoGN/x0JzaFbI.dYVS.2
S9000138,Aditya Gupta,Engineering,B.Tech,CSE,4,8,A,S9000138,Aditya Gupta,CSE,B.Tech,4,8,ST_S9000138,C_CSE_SEM8,S9000138@nmims.edu,$2b$10$HD5GSWdMqd517gInOm06g.U5oUB4effjavlS5lxjfbt6AqywfwU2.
S9000139,Aditya Das,Engineering,B.Tech,CSE,4,7,A,S9000139,Aditya Das,CSE,B.Tech,4,7,ST_S9000139,C_CSE_SEM7,S9000139@nmims.edu,$2b$10$oXtatAD/NpvCNlxpJ99xUuZmJ/D.5rfPKBIac7t7zBiqdvWihgdhq
S9000140,Kabir Khan,Engineering,B.Tech,CSE,4,7,A,S9000140,Kabir Khan,CSE,B.Tech,4,7,ST_S9000140,C_CSE_SEM7,S9000140@nmims.edu,$2b$10$fCBrh8JO51438UrHtMhJyet9SWPhOkuLijspwHKGXcctXeOZdAxZC
S9000141,Kunal Patel,Engineering,B.Tech,CSE,3,4,A,S9000141,Kunal Patel,CSE,B.Tech,3,4,ST_S9000141,C_CSE_SEM4,S9000141@nmims.edu,$2b$10$WcGPWIC2Ky1gJFtbLX9NYOPv9xC6K/OKlWaJ66RbehAe6K3pSUOdC
S9000142,Kabir Sharma,Engineering,B.Tech,CSE,3,4,A,S9000142,Kabir Sharma,CSE,B.Tech,3,4,ST_S9000142,C_CSE_SEM4,S9000142@nmims.edu,$2b$10$xCBiLotENAmsmAEwrGe90em5K.OLgdYvqIQVQjDaYA1/VkuT12SF2
S9000143,Arjun Sharma,Engineering,B.Tech,CSE,2,4,A,S9000143,Arjun Sharma,CSE,B.Tech,2,4,ST_S9000143,C_CSE_SEM4,S9000143@nmims.edu,$2b$10$mRYhv0hEuI6LuODXXTntvOyi2IsE5PRYnAtFwC/5Aa1eYeh0rYJA2
S9000144,Aarav Das,Engineering,B.Tech,CSE,2,3,A,S9000144,Aarav Das,CSE,B.Tech,2,3,ST_S9000144,C_CSE_SEM3,S9000144@nmims.edu,$2b$10$gCvZQ7RGkRiGWEC3OIjlruc2Wh1W2McCiHuffdUpn.dLL/hu1GR2u
S9000145,Rohan Khan,Engineering,B.Tech,CSE,3,4,A,S9000145,Rohan Khan,CSE,B.Tech,3,4,ST_S9000145,C_CSE_SEM4,S9000145@nmims.edu,$2b$10$zlyS/ICvYKuwi1diOXwcb.SEYrbdBgVI2M93tHU7SZYplELuBxOBK
S9000146,Aarav Reddy,Engineering,B.Tech,CSE,2,4,A,S9000146,Aarav Reddy,CSE,B.Tech,2,4,ST_S9000146,C_CSE_SEM4,S9000146@nmims.edu,$2b$10$pWUROU6B5u3moxww5dHamekWpkgm4ipy/.VLINjvDhatOcKByMfcG
S9000147,Aryan Malhotra,Engineering,B.Tech,CSE,2,4,A,S9000147,Aryan Malhotra,CSE,B.Tech,2,4,ST_S9000147,C_CSE_SEM4,S9000147@nmims.edu,$2b$10$xFWi0ttL9HKNL6kW6If8LOxxfwNfzkvk9nl3D9uxwnn.iWi9fTBuW
S9000148,Aditya Patel,Engineering,B.Tech,CSE,3,4,A,S9000148,Aditya Patel,CSE,B.Tech,3,4,ST_S9000148,C_CSE_SEM4,S9000148@nmims.edu,$2b$10$I6Nxn3KtjhKlrHbzmqlT6OgQbHfJGkpsCXppIuo.TBj1yUVbsv252
S9000149,Kunal Khan,Engineering,B.Tech,CSE,3,4,A,S9000149,Kunal Khan,CSE,B.Tech,3,4,ST_S9000149,C_CSE_SEM4,S9000149@nmims.edu,$2b$10$oi/EY1vlGngwIP/9E85K6uy8Xsu51HUjM0WNYIGqwU8nm2JZJomeG
S9000150,Kunal Iyer,Engineering,B.Tech,CSE,2,4,A,S9000150,Kunal Iyer,CSE,B.Tech,2,4,ST_S9000150,C_CSE_SEM4,S9000150@nmims.edu,$2b$10$ZAwXkDOY7gyagHJXGnnBCu7pf9GWYxYE218QQrNNDgt15oNTIhit6
S9000151,Kunal Sharma,Engineering,B.Tech,CSE,3,4,A,S9000151,Kunal Sharma,CSE,B.Tech,3,4,ST_S9000151,C_CSE_SEM4,S9000151@nmims.edu,$2b$10$WGujoLnR0mA5rQP6ZeAeGOPEqNAmLFOyWusWY7ch8w7Z7UEf78Mx2
S9000152,Kabir Sharma,Engineering,B.Tech,CSE,2,4,A,S9000152,Kabir Sharma,CSE,B.Tech,2,4,ST_S9000152,C_CSE_SEM4,S9000152@nmims.edu,$2b$10$tNj.bMZ1aIF9iI.eB7V3NefRqZw24xEWLMKMieEHa1XmPgDV5YTsK
S9000153,Arjun Mehta,Engineering,B.Tech,CSE,3,4,A,S9000153,Arjun Mehta,CSE,B.Tech,3,4,ST_S9000153,C_CSE_SEM4,S9000153@nmims.edu,$2b$10$u1KQNgH/OLe24G2M//fFbudDhil8zuZRjCoV8uh/.OBLEAxpFn8eS
S9000154,Vivaan Iyer,Engineering,B.Tech,CSE,4,8,A,S9000154,Vivaan Iyer,CSE,B.Tech,4,8,ST_S9000154,C_CSE_SEM8,S9000154@nmims.edu,$2b$10$Lf1u7h3PEQGMmKZrZp4pgOobg1caFxVAsF.UgzUL7Tu0UmUaH86bq
S9000155,Aditya Singh,Engineering,B.Tech,CSE,4,8,A,S9000155,Aditya Singh,CSE,B.Tech,4,8,ST_S9000155,C_CSE_SEM8,S9000155@nmims.edu,$2b$10$/9DdAN4wBK7C0unTsIt9PezSCO.tzxWv.XhouPIwx2pXs.xrkHHSa
S9000156,Vivaan Patel,Engineering,B.Tech,CSE,3,4,A,S9000156,Vivaan Patel,CSE,B.Tech,3,4,ST_S9000156,C_CSE_SEM4,S9000156@nmims.edu,$2b$10$o/R5W0Walb300M1xphdWTeJyY9mEgaFfyrgpOdswnnnXDCWtVQ3ca
S9000157,Aditya Mehta,Engineering,B.Tech,CSE,4,7,A,S9000157,Aditya Mehta,CSE,B.Tech,4,7,ST_S9000157,C_CSE_SEM7,S9000157@nmims.edu,$2b$10$0yod.jLoVubBQC8ttjAaRu0lOHoajF1LW0/1Y1lQ5jHCgnCLHy/Oa
S9000158,Aarav Reddy,Engineering,B.Tech,CSE,4,8,A,S9000158,Aarav Reddy,CSE,B.Tech,4,8,ST_S9000158,C_CSE_SEM8,S9000158@nmims.edu,$2b$10$ncGytQsWU2G8ERDz2mHDn.u4bDljkUxC5VMA3VCgXiv49txfOi4y.
S9000159,Ishaan Gupta,Engineering,B.Tech,CSE,4,7,A,S9000159,Ishaan Gupta,CSE,B.Tech,4,7,ST_S9000159,C_CSE_SEM7,S9000159@nmims.edu,$2b$10$yfZusrgl4hxzJmvAub8UH.PClSoXmuccPE50d4I/214Nq2msqJ0Pa
S9000160,Ishaan Gupta,Engineering,B.Tech,CSE,2,4,A,S9000160,Ishaan Gupta,CSE,B.Tech,2,4,ST_S9000160,C_CSE_SEM4,S9000160@nmims.edu,$2b$10$udK/BNH0xykAnaT8JTdei.79R2NIqK87nW6GftJ/yn2gzx3Q.UXHm
S9000161,Siddharth Gupta,Engineering,B.Tech,CSE,3,4,A,S9000161,Siddharth Gupta,CSE,B.Tech,3,4,ST_S9000161,C_CSE_SEM4,S9000161@nmims.edu,$2b$10$SgzHlsW2wrvF.QQEXz9mUuFXkuyCAIAY6vemL8IBzUsEXEmOKbl32
S9000162,Arjun Khan,Engineering,B.Tech,CSE,2,4,A,S9000162,Arjun Khan,CSE,B.Tech,2,4,ST_S9000162,C_CSE_SEM4,S9000162@nmims.edu,$2b$10$tb2QBAgK6RJWCqVwTJHti.hsjCEDALe9sfHWPw/latTXuAft1H9Se
S9000163,Aditya Reddy,Engineering,B.Tech,CSE,3,4,A,S9000163,Aditya Reddy,CSE,B.Tech,3,4,ST_S9000163,C_CSE_SEM4,S9000163@nmims.edu,$2b$10$k4vhOXD9racMHFAgzM0uz.h5flws5tqgtV0xXTVp7iYQQbfN4ZDq6
S9000164,Kabir Patel,Engineering,B.Tech,CSE,3,4,A,S9000164,Kabir Patel,CSE,B.Tech,3,4,ST_S9000164,C_CSE_SEM4,S9000164@nmims.edu,$2b$10$78kEEKszOCV3IjTg1JLrq.AByGJGpClNUqxEZj/8LUYcoe8YLrZwy
S9000165,Siddharth Mehta,Engineering,B.Tech,CSE,2,4,A,S9000165,Siddharth Mehta,CSE,B.Tech,2,4,ST_S9000165,C_CSE_SEM4,S9000165@nmims.edu,$2b$10$lftUY/JSmzM40bZz1rsUiu68dfi5NhKgRdedVPmWFfK445S/tABve
S9000166,Kabir Mehta,Engineering,B.Tech,CSE,3,4,A,S9000166,Kabir Mehta,CSE,B.Tech,3,4,ST_S9000166,C_CSE_SEM4,S9000166@nmims.edu,$2b$10$drqWivfm4Gadk8ljwDY7IOiUuoCcX1zHyEQnIVs8xBqPwi2faY4/i
S9000167,Arjun Sharma,Engineering,B.Tech,CSE,2,3,A,S9000167,Arjun Sharma,CSE,B.Tech,2,3,ST_S9000167,C_CSE_SEM3,S9000167@nmims.edu,$2b$10$98EnqSC1GyZ.2.eoP3J3UuZ/ih2zWPp9sPeXDszWJuq3vci3fzW9e
S9000168,Kabir Das,Engineering,B.Tech,CSE,2,4,A,S9000168,Kabir Das,CSE,B.Tech,2,4,ST_S9000168,C_CSE_SEM4,S9000168@nmims.edu,$2b$10$7miqrKzCBqeW0jXkT3p3tOb9cXuzLHi/MwQFQx.rW8dBVld6/Vhhi
S9000169,Siddharth Iyer,Engineering,B.Tech,CSE,2,4,A,S9000169,Siddharth Iyer,CSE,B.Tech,2,4,ST_S9000169,C_CSE_SEM4,S9000169@nmims.edu,$2b$10$R3kLe8qpCfJEUAOXYNQzU.ywkNk.XYbTLkxOddxmUNRfpWIg1dtsG
S9000170,Ishaan Iyer,Engineering,B.Tech,CSE,4,7,A,S9000170,Ishaan Iyer,CSE,B.Tech,4,7,ST_S9000170,C_CSE_SEM7,S9000170@nmims.edu,$2b$10$qIz9ZDPX2fr6vT.N5mvf5eE1zQjzMzk/CUAjykjjikqM0XO8FsCFq
S9000171,Aarav Malhotra,Engineering,B.Tech,CSE,2,3,A,S9000171,Aarav Malhotra,CSE,B.Tech,2,3,ST_S9000171,C_CSE_SEM3,S9000171@nmims.edu,$2b$10$EdxTuYmMmCkSINjelmZTAuhrUY7URoqzdMCXeQEacSaOIRdrf9joG
S9000172,Kabir Iyer,Engineering,B.Tech,CSE,3,4,A,S9000172,Kabir Iyer,CSE,B.Tech,3,4,ST_S9000172,C_CSE_SEM4,S9000172@nmims.edu,$2b$10$jCqk/vzaB8bqsijvUKhgWOdqPo6hCZTnQxHRbvEexjb/sfj0T2bKK
S9000173,Vivaan Gupta,Engineering,B.Tech,CSE,2,4,A,S9000173,Vivaan Gupta,CSE,B.Tech,2,4,ST_S9000173,C_CSE_SEM4,S9000173@nmims.edu,$2b$10$Xm9KnUZ0spCbf/fpGfYF1uFzPs1D3I01wmyxxfuJPZlblgtJ4cYy2
S9000174,Kunal Singh,Engineering,B.Tech,CSE,3,4,A,S9000174,Kunal Singh,CSE,B.Tech,3,4,ST_S9000174,C_CSE_SEM4,S9000174@nmims.edu,$2b$10$xvBhCsDbuxoB.crzwYmEOeorAhWnHxZNlp9mhs9wPN41HASqOsk3e
S9000175,Aryan Das,Engineering,B.Tech,CSE,2,3,A,S9000175,Aryan Das,CSE,B.Tech,2,3,ST_S9000175,C_CSE_SEM3,S9000175@nmims.edu,$2b$10$kfD.w4E/C2Pvq2buUBYa9u9KCQ9h58jgN.nbK5HKnXvrhUzQ4d1PC
S9000176,Rohan Sharma,Engineering,B.Tech,CSE,2,3,A,S9000176,Rohan Sharma,CSE,B.Tech,2,3,ST_S9000176,C_CSE_SEM3,S9000176@nmims.edu,$2b$10$nUN0wh0bUPDwxT00M9TPRePd/1Xvx8AA4vjkeJsQnG3r5.npUnnpS
S9000177,Siddharth Das,Engineering,B.Tech,CSE,2,3,A,S9000177,Siddharth Das,CSE,B.Tech,2,3,ST_S9000177,C_CSE_SEM3,S9000177@nmims.edu,$2b$10$VsUZ8P/01P1fAMFyn7mWg.Wcki5/EzWi7OS6RzIySCNFW.2CoinVq
S9000178,Kunal Sharma,Engineering,B.Tech,CSE,2,4,A,S9000178,Kunal Sharma,CSE,B.Tech,2,4,ST_S9000178,C_CSE_SEM4,S9000178@nmims.edu,$2b$10$vv8KTf8LsrTlhOSU0Xezrep20bBYy.Q46JWPf84n64W5/9T1Qal3.
S9000179,Vivaan Gupta,Engineering,B.Tech,CSE,3,4,A,S9000179,Vivaan Gupta,CSE,B.Tech,3,4,ST_S9000179,C_CSE_SEM4,S9000179@nmims.edu,$2b$10$viHF.2Zow/uBotMZgry5Qej2LP2qbwEf60d5yayILrIZ3JcwkIVtC
S9000180,Kunal Khan,Engineering,B.Tech,CSE,3,4,A,S9000180,Kunal Khan,CSE,B.Tech,3,4,ST_S9000180,C_CSE_SEM4,S9000180@nmims.edu,$2b$10$3lqMjYEgmw6TvifEErd3SubXJh6cqpYHw3TkAEQBfTA/cG7AuW8CO
S9000181,Kunal Sharma,Engineering,B.Tech,CSE,3,4,A,S9000181,Kunal Sharma,CSE,B.Tech,3,4,ST_S9000181,C_CSE_SEM4,S9000181@nmims.edu,$2b$10$DEOhLEbb4/DkxnbQTRm4ven5B0x6IaWHPTNGg4jAuUVWDrWfPHFLC
S9000182,Aarav Sharma,Engineering,B.Tech,CSE,4,8,A,S9000182,Aarav Sharma,CSE,B.Tech,4,8,ST_S9000182,C_CSE_SEM8,S9000182@nmims.edu,$2b$10$t3HO3ipGXkKVIsh0kCdl2upZUoBrSqyRvgkLKUYwdNgeD3/eO1L1W
S9000183,Arjun Reddy,Engineering,B.Tech,CSE,4,7,A,S9000183,Arjun Reddy,CSE,B.Tech,4,7,ST_S9000183,C_CSE_SEM7,S9000183@nmims.edu,$2b$10$dm5sN4Zo0Zio97kVDSp7EO8zaKLoZGeTl5aVFQXDKlv9U/EZjchqu
S9000184,Arjun Singh,Engineering,B.Tech,CSE,3,4,A,S9000184,Arjun Singh,CSE,B.Tech,3,4,ST_S9000184,C_CSE_SEM4,S9000184@nmims.edu,$2b$10$QJpYy2db7YZdvjR4z3qGWOZ4yDBObfhuyB8yYylDBynUZlTvxJH3y
S9000185,Aarav Malhotra,Engineering,B.Tech,CSE,3,4,A,S9000185,Aarav Malhotra,CSE,B.Tech,3,4,ST_S9000185,C_CSE_SEM4,S9000185@nmims.edu,$2b$10$wbKp62Gmr3A5fkW8cxrgWOzm.FkU.HeIgz0aR0ABDBnVf49pUAuZO
S9000186,Rohan Patel,Engineering,B.Tech,CSE,2,3,A,S9000186,Rohan Patel,CSE,B.Tech,2,3,ST_S9000186,C_CSE_SEM3,S9000186@nmims.edu,$2b$10$pFF.te5JtjvmErDoVGToc.q49OoeaS7kIMiRIYrOb7qGv3sh7EgPW
S9000187,Siddharth Khan,Engineering,B.Tech,CSE,3,4,A,S9000187,Siddharth Khan,CSE,B.Tech,3,4,ST_S9000187,C_CSE_SEM4,S9000187@nmims.edu,$2b$10$Q9e2Re6D6tbLleWGWJfNQ.X7sjnYxGeBFs0p/bIuzbRapCF4egq4i
S9000188,Kunal Patel,Engineering,B.Tech,CSE,2,4,A,S9000188,Kunal Patel,CSE,B.Tech,2,4,ST_S9000188,C_CSE_SEM4,S9000188@nmims.edu,$2b$10$MjNd4zk9l08XSgozk3ZnT.8DqNeIPMSGVmNi4eXiIO8VQfNoQvheW
S9000189,Arjun Malhotra,Engineering,B.Tech,CSE,4,7,A,S9000189,Arjun Malhotra,CSE,B.Tech,4,7,ST_S9000189,C_CSE_SEM7,S9000189@nmims.edu,$2b$10$we3eUXw8XFno2nXfN1lwuu4zIVwGGPg.HgPtZnKNVA9VcqSKEIjH2
S9000190,Ishaan Iyer,Engineering,B.Tech,CSE,4,7,A,S9000190,Ishaan Iyer,CSE,B.Tech,4,7,ST_S9000190,C_CSE_SEM7,S9000190@nmims.edu,$2b$10$l3oIXmW8.vBLVHMQx0kLPuijkkzIhYLeVL9iyjNOK4iIXZ5NiYmCO
S9000191,Kabir Patel,Engineering,B.Tech,CSE,4,7,A,S9000191,Kabir Patel,CSE,B.Tech,4,7,ST_S9000191,C_CSE_SEM7,S9000191@nmims.edu,$2b$10$8/uKcSovKUMgL8UbvzKYDOQ6KO/wKtbXbFVmvoPyDSOh4kL5CSVj2
S9000192,Siddharth Sharma,Engineering,B.Tech,CSE,3,4,A,S9000192,Siddharth Sharma,CSE,B.Tech,3,4,ST_S9000192,C_CSE_SEM4,S9000192@nmims.edu,$2b$10$RGWYhLzdO4/HdZpkWCWQ5.z.ljMybBO3IL.fsMoDM/eRwc.0rL1IO
S9000193,Rohan Gupta,Engineering,B.Tech,CSE,2,3,A,S9000193,Rohan Gupta,CSE,B.Tech,2,3,ST_S9000193,C_CSE_SEM3,S9000193@nmims.edu,$2b$10$R8NXZhE318diZCPr8l67meMPFMTiORjblyrIpV5IWQwO5fzERNBVO
S9000194,Aditya Khan,Engineering,B.Tech,CSE,3,4,A,S9000194,Aditya Khan,CSE,B.Tech,3,4,ST_S9000194,C_CSE_SEM4,S9000194@nmims.edu,$2b$10$eABRbaGwKdkKVvnoOfQDcu4eZdeazSmDrXbwea5mC6DHhB/x0xzkS
S9000195,Aryan Patel,Engineering,B.Tech,CSE,4,8,A,S9000195,Aryan Patel,CSE,B.Tech,4,8,ST_S9000195,C_CSE_SEM8,S9000195@nmims.edu,$2b$10$pTiB2D4xjOqam3srqZMkqeQlZnsZKZ1/0o6ef9.13mcQWm/CuSghK
S9000196,Arjun Sharma,Engineering,B.Tech,CSE,3,4,A,S9000196,Arjun Sharma,CSE,B.Tech,3,4,ST_S9000196,C_CSE_SEM4,S9000196@nmims.edu,$2b$10$U9Ly9kR28xNxwAfvhSivk.0KUSDYHjUGjydW0YZWGbdurtaUA6A8W
S9000197,Arjun Khan,Engineering,B.Tech,CSE,4,8,A,S9000197,Arjun Khan,CSE,B.Tech,4,8,ST_S9000197,C_CSE_SEM8,S9000197@nmims.edu,$2b$10$HO0Qi6UKSmg3YXHtaC.oQeT6TfL0RSwYY4P3v.XK59cHrMC5vqtoe
S9000198,Ishaan Mehta,Engineering,B.Tech,CSE,2,4,A,S9000198,Ishaan Mehta,CSE,B.Tech,2,4,ST_S9000198,C_CSE_SEM4,S9000198@nmims.edu,$2b$10$8dlqPY2IbzsnJ/R8iym/MeZ4QBQTPKKUqwTeueGayyCET.890QcL2
S9000199,Rohan Sharma,Engineering,B.Tech,CSE,4,7,A,S9000199,Rohan Sharma,CSE,B.Tech,4,7,ST_S9000199,C_CSE_SEM7,S9000199@nmims.edu,$2b$10$mvys9Og3VC4ivAwg.k3kV.GmSjbaLZ5AhcGMpNw763Z/4q4uj321y
